caso,tipo_adyacencia,modelo,best_epoch,best_val_loss,test_loss,test_mae,test_rmse,tiempo_minutos,tiempo_horas
proximidad_500,correlacion,GCN_LSTM,12,0.003171683867771,0.002903234488993,0.0235775485634803,0.0538816712796688,20.21,0.34
proximidad_500,correlacion,GCN_GRU,9,0.0031272294593693,0.0028565312051435,0.0243499595671892,0.053446527570486,20.06,0.33
sensores_tal_cual,correlacion,GCN_GRU,25,0.0040336134864551,0.004134496724397,0.0248434823006391,0.0643000528216362,104.95,1.75
sensores_tal_cual,correlacion,GCN_LSTM,25,0.004040245973751,0.0041487501239357,0.0249621421098709,0.0644107908010482,110.17,1.84
proximidad_sentido_v1_500,correlacion,GCN_LSTM,25,0.0033511164772658,0.0032354851035741,0.0250176936388015,0.0568813271820545,31.45,0.52
proximidad_sentido_v1_500,correlacion,GCN_GRU,25,0.003254231415546,0.0031407053927148,0.0251842830330133,0.0560419969260692,32.15,0.54
proximidad_sentido_v2_500,correlacion,GCN_GRU,25,0.003637916045831,0.0033326849334034,0.0256402343511581,0.0577294155955314,24.23,0.4
proximidad_sentido_v2_500,correlacion,GCN_LSTM,25,0.003292512676298,0.0029722978550158,0.0261823758482933,0.0545187853276729,24.19,0.4
proximidad_sentido_v2_50,correlacion,GCN_LSTM,25,0.0039081521191409,0.0036299766638394,0.0271631442010402,0.0602492876350879,8.81,0.15
proximidad_sentido_v2_50,correlacion,GCN_GRU,25,0.0039900911942494,0.0036725613181363,0.0282465051859617,0.0606016628444194,8.86,0.15
proximidad_sentido_v1_50,correlacion,GCN_LSTM,25,0.004311897880219,0.0038611473374775,0.0287387520074844,0.0621381290256977,10.67,0.18
proximidad_500,correlacion,GAT_LSTM,25,0.0045469902092107,0.0041381756903321,0.0295431781560182,0.0643286556005477,28.72,0.48
proximidad_sentido_v1_50,correlacion,GCN_GRU,25,0.0043187203899059,0.00388365422016,0.0298865605145692,0.0623189695179462,10.78,0.18
sensores_tal_cual,correlacion,GAT_LSTM,23,0.0052610048687854,0.0055004254658338,0.0299292895942926,0.0741648524999618,143.3,2.39
proximidad_50,correlacion,GCN_LSTM,25,0.0045314540615637,0.004302050661859,0.0306101646274328,0.0655900239944458,7.55,0.13
proximidad_sentido_v1_500,correlacion,GAT_LSTM,25,0.0046799495294858,0.004528417135326,0.0307176671922206,0.0672935172915458,42.56,0.71
proximidad_50,correlacion,GCN_GRU,24,0.0045978199085115,0.0043527983869037,0.0315244235098362,0.0659757405519485,7.71,0.13
proximidad_sentido_v2_500,correlacion,GAT_LSTM,23,0.004962986176434,0.0047265674675022,0.0333130024373531,0.0687500312924385,34.61,0.58
proximidad_500,cercania,GCN_LSTM,25,0.0048152915271457,0.0045111451274873,0.0350922010838985,0.0671650618314743,20.22,0.34
proximidad_comportamiento_500,correlacion,GCN_LSTM,25,0.0070125634864006,0.0066269856959615,0.0375266224145889,0.0814063027501106,21.6,0.36
proximidad_50,correlacion,GAT_LSTM,25,0.0056547976790614,0.0055488581153192,0.0378080084919929,0.0744906589388847,12.5,0.21
proximidad_comportamiento_500,correlacion,GCN_GRU,25,0.0069808723241023,0.006629423292997,0.0387054644525051,0.0814212709665298,22.07,0.37
proximidad_sentido_v2_500,cercania,GCN_LSTM,25,0.0062977072339227,0.0061178464572834,0.0398565828800201,0.0782166644930839,24.17,0.4
proximidad_sentido_v1_500,cercania,GCN_LSTM,25,0.0062056245969747,0.006358742562562,0.0403821840882301,0.0797417238354682,31.22,0.52
proximidad_sentido_v1_50,correlacion,GAT_LSTM,25,0.0066403064605597,0.0062071407869727,0.0405425131320953,0.0787854120135307,16.43,0.27
proximidad_500,cercania,GCN_GRU,25,0.0051292663389652,0.0047868663344204,0.0409683510661125,0.0691871792078018,21.02,0.35
proximidad_sentido_v2_500,cercania,GCN_GRU,25,0.0060134898454926,0.0058755269169,0.0410707332193851,0.0766519829630851,24.06,0.4
proximidad_sentido_v2_50,correlacion,GAT_LSTM,25,0.0066969804623443,0.0063457349399378,0.0423937886953353,0.0796601176261901,14.0,0.23
proximidad_500,cercania,GAT_LSTM,19,0.0063392682774644,0.0060436782158036,0.0429857745766639,0.0777411013841629,28.83,0.48
sensores_tal_cual,cercania,GCN_LSTM,25,0.0080753286026468,0.0084080318741618,0.0438002496957778,0.0916953161358833,107.05,1.78
proximidad_sentido_v1_500,cercania,GAT_LSTM,25,0.0074611412598825,0.0076590812182722,0.0438559502363204,0.0875161811709404,42.21,0.7
proximidad_sentido_v1_500,cercania,GCN_GRU,25,0.0060449270258235,0.0062106209680959,0.0440166778862476,0.07880749553442,32.1,0.54
sensores_tal_cual,cercania,GCN_GRU,25,0.0081101849982115,0.0084466472684361,0.04407524690032,0.0919056460261344,103.54,1.73
proximidad_sentido_v2_500,cercania,GAT_LSTM,25,0.0075069104539941,0.0072495982263228,0.0445692501962184,0.0851445719599723,34.59,0.58
sensores_tal_cual,cercania,GAT_LSTM,25,0.0095456410346565,0.009880139444099,0.0480002015829086,0.0993988960981369,142.18,2.37
proximidad_comportamiento_500,correlacion,GAT_LSTM,25,0.0099708809838977,0.0095605010305516,0.0480155460536479,0.0977778136730194,30.69,0.51
proximidad_sentido_v1_50,cercania,GCN_LSTM,25,0.0077031948855966,0.0087032034051337,0.0491432100534439,0.0932909622788429,10.67,0.18
proximidad_sentido_v1_50,cercania,GCN_GRU,25,0.0077205523669837,0.0087566681702371,0.0494842268526554,0.0935770645737648,10.65,0.18
proximidad_comportamiento_50,correlacion,GCN_GRU,25,0.0099960556737321,0.0090995381584151,0.0544642470777034,0.0953915044665336,8.13,0.14
proximidad_comportamiento_50,correlacion,GCN_LSTM,25,0.0107542154427542,0.0099421284680778,0.0552072376012802,0.0997102186083793,8.16,0.14
proximidad_sentido_v2_50,cercania,GCN_GRU,23,0.0087972525339027,0.0092096415371476,0.0565477646887302,0.0959668830037117,8.89,0.15
proximidad_sentido_v1_50,cercania,GAT_LSTM,20,0.0101266387528392,0.0108851086596367,0.0566766448318958,0.104331724345684,16.55,0.28
proximidad_50,cercania,GCN_LSTM,25,0.009042722793216,0.0102124735734028,0.0580356232821941,0.1010567918419838,7.6,0.13
proximidad_sentido_v2_50,cercania,GCN_LSTM,24,0.0099722573304502,0.0107578563989554,0.0591327100992202,0.1037200912833213,8.82,0.15
proximidad_50,cercania,GCN_GRU,24,0.0087589843232293,0.0099178648766121,0.059470847249031,0.0995884761214256,7.68,0.13
proximidad_comportamiento_50,correlacion,GAT_LSTM,25,0.0126854028430836,0.0122525180410383,0.0628255903720855,0.1106910929083824,13.23,0.22
proximidad_50,cercania,GAT_LSTM,19,0.010550422858842,0.0119524702753526,0.0640845596790313,0.1093273535370826,12.45,0.21
proximidad_sentido_v2_50,cercania,GAT_LSTM,25,0.0112211723259017,0.0120752097441737,0.06463223695755,0.1098872572183609,14.07,0.23
proximidad_comportamiento_500,cercania,GCN_LSTM,24,0.0183279723135027,0.0181480752257945,0.0846946984529495,0.1347147822380066,21.43,0.36
proximidad_comportamiento_500,cercania,GCN_GRU,25,0.0179115664865611,0.0178255315146852,0.0879409164190292,0.1335122883319854,21.88,0.36
proximidad_comportamiento_50,cercania,GAT_LSTM,25,0.0178793859993933,0.0175776716876716,0.0882027149200439,0.132580816745758,13.27,0.22
proximidad_comportamiento_500,cercania,GAT_LSTM,25,0.0204129111122667,0.0203047280555115,0.0949078351259231,0.1424946635961532,30.55,0.51
proximidad_comportamiento_50,cercania,GCN_GRU,23,0.0266317955678661,0.027072320227631,0.1171441078186035,0.1645366847515106,8.16,0.14
proximidad_comportamiento_50,cercania,GCN_LSTM,25,0.0273834705840518,0.0276388545850666,0.1223520413041114,0.1662493795156479,8.23,0.14
