source,target,distance,weight
0,26,3900.1345548621916,0.20022966591455682
0,15,4183.327136583487,0.17816062143688535
0,33,4656.6615732515165,0.14656918799636967
0,32,4928.685744131281,0.1310165377611416
0,14,4980.000980067326,0.12827325617630467
1,6,1540.0243274700263,0.52990550733424
1,31,2187.679360220258,0.4057051100861871
1,7,2731.703319160652,0.32417664114570693
1,33,3520.8027861182054,0.2341329875723578
1,5,3954.6371103315246,0.19577967772257882
2,3,1070.0614069360415,0.6432261149638516
2,4,1503.2838996094024,0.5379950046985298
2,5,1512.972860556753,0.5358497790523996
2,9,1887.5500193578846,0.4591561129948304
2,8,2098.916523183321,0.4208302346843077
3,4,562.7216923440326,0.7929077815580557
3,2,1070.0614069360415,0.6432261149638516
3,5,2570.379212372031,0.3464759600427572
3,9,2884.6697526218013,0.3043596651559199
3,8,2927.884090353446,0.2989839538964398
4,3,562.7216923440326,0.7929077815580557
4,2,1503.2838996094024,0.5379950046985298
4,5,2927.947962549845,0.29897607910884316
4,7,3084.0847383323553,0.28033288584918287
4,9,3377.383479232861,0.24839762610755822
5,9,1164.3191013917326,0.6187043123046162
5,2,1512.972860556753,0.5358497790523996
5,8,1856.3603034179966,0.4650997528877977
5,3,2570.379212372031,0.3464759600427572
5,4,2927.947962549845,0.29897607910884316
6,7,1275.2898720639482,0.5910299484638822
6,1,1540.0243274700263,0.52990550733424
6,31,3098.7405119288364,0.2786437835701578
6,4,3403.5158691990155,0.24573522493328526
6,2,3514.6171753278827,0.23473096396459148
7,6,1275.2898720639482,0.5910299484638822
7,1,2731.703319160652,0.32417664114570693
7,4,3084.0847383323553,0.28033288584918287
7,3,3509.4936202696576,0.2352274253711995
7,2,3734.9747179754095,0.21434173847736998
8,9,761.0094916915749,0.7306535471031398
8,5,1856.3603034179966,0.4650997528877977
8,2,2098.916523183321,0.4208302346843077
8,3,2927.884090353446,0.2989839538964398
8,4,3471.2152394857517,0.23896989667440333
9,8,761.0094916915749,0.7306535471031398
9,5,1164.3191013917326,0.6187043123046162
9,2,1887.5500193578846,0.4591561129948304
9,3,2884.6697526218013,0.3043596651559199
9,4,3377.383479232861,0.24839762610755822
10,12,1393.8961231091425,0.5628185479909851
10,13,1792.232285573254,0.4775630724389027
10,30,2519.2526871883874,0.3538582375208532
10,27,2651.2077834093866,0.3351178730763362
10,11,2711.4467332380223,0.3268958836153222
11,12,2101.053560555271,0.42045954325768065
11,10,2711.4467332380223,0.3268958836153222
11,13,3066.9843679482537,0.2823166797288443
11,26,3247.1138659002704,0.2621062087029384
11,39,3404.2360183263813,0.24566226066924973
12,10,1393.8961231091425,0.5628185479909851
12,11,2101.053560555271,0.42045954325768065
12,27,2110.253281153083,0.41886748057085676
12,30,2739.7974705879556,0.3230964184590633
12,13,2925.5802792456893,0.29926812891382537
13,10,1792.232285573254,0.4775630724389027
13,12,2925.5802792456893,0.29926812891382537
13,11,3066.9843679482537,0.2823166797288443
13,30,4100.450649579717,0.18435460661281736
13,27,4438.942317132156,0.16033702712625267
14,15,1108.4835521158554,0.6331151137513606
14,23,1301.152642785446,0.5847601214013418
14,34,1372.278417312668,0.5678581939241303
14,25,1488.768030437295,0.5412250349538548
14,32,1717.8514496591138,0.4924379723155075
15,32,1102.9462124211439,0.6345624339300138
15,14,1108.4835521158554,0.6331151137513606
15,34,1213.1088868442782,0.6063807758730503
15,23,1682.3546599499514,0.49969916346646553
15,25,2196.6553836627886,0.40420619929439333
16,40,2907.4868234190803,0.30150936706671805
16,39,3113.6780119635696,0.2769326842089597
16,38,3527.6859912875507,0.23346936377641764
16,47,4862.215483086383,0.1346573978013918
16,19,5305.891315578413,0.11214314028764631
17,42,995.0175831301065,0.6634423628485713
17,18,1231.070888866566,0.6019059350115431
17,45,1303.7581819573832,0.5841321687480134
17,24,1356.8637375225883,0.5714792918733705
17,37,1412.2274129886673,0.5585801100377379
18,24,776.7642880091162,0.7259220439492212
18,17,1231.070888866566,0.6019059350115431
18,37,1787.9125202924447,0.4784145291883165
18,42,2017.0929056858142,0.4352719209849696
18,45,2054.0801665158,0.4286833707670197
19,28,991.1206726755196,0.6645093457400075
19,29,1786.070962713338,0.4787779747845699
19,47,1869.0074661126946,0.46268043989228147
19,20,2094.0854795319196,0.4216694345346783
19,16,5305.891315578413,0.11214314028764631
20,47,543.4162940389634,0.7992452545677909
20,29,2007.7221516767074,0.43695715181664213
20,19,2094.0854795319196,0.4216694345346783
20,28,2367.9029980426194,0.37664689304324755
20,16,5375.20403091645,0.10898320150091749
21,41,390.1644752996185,0.8513846116784652
21,25,771.6210575042661,0.7274632880928624
21,36,1178.5690669040775,0.6150793256604983
21,23,1434.5093535726148,0.5534711839826064
21,14,2044.0155064796443,0.430466250837604
22,21,3056.7395180912326,0.2835118909602238
22,25,3121.0093254804083,0.27609672607107927
22,41,3159.6854321324568,0.27172824748936153
22,23,3242.9317963021645,0.2625586142657001
22,44,3472.33205516132,0.2388598670748596
23,25,665.7883621588232,0.7599142055880751
23,34,713.4656939452756,0.7451197464869689
23,14,1301.152642785446,0.5847601214013418
23,32,1314.1773976058867,0.5816277996446173
23,21,1434.5093535726148,0.5534711839826064
24,18,776.7642880091162,0.7259220439492212
24,17,1356.8637375225883,0.5714792918733705
24,42,2329.9363678235095,0.3825901624675664
24,37,2390.130849890636,0.37321030197880267
24,45,2521.1485662842674,0.3535816993856461
25,23,665.7883621588232,0.7599142055880751
25,21,771.6210575042661,0.7274632880928624
25,41,1158.308936942079,0.6202396100895176
25,34,1376.5069532845716,0.5668688753215865
25,14,1488.768030437295,0.5412250349538548
26,12,3039.739840030134,0.2855063261562419
26,11,3247.1138659002704,0.2621062087029384
26,27,3643.8540988494806,0.22254890321265247
26,0,3900.1345548621916,0.20022966591455682
26,39,4268.703923016003,0.17199731497608808
27,30,1400.0026594022074,0.5614030753219633
27,12,2110.253281153083,0.41886748057085676
27,10,2651.2077834093866,0.3351178730763362
27,26,3643.8540988494806,0.22254890321265247
27,46,3938.2988907472,0.19710316872821368
28,19,991.1206726755196,0.6645093457400075
28,29,1075.4257219541487,0.6418048255477663
28,47,2366.432040496464,0.37687542718325234
28,20,2367.9029980426194,0.37664689304324755
28,16,6292.229823472258,0.0746672643733383
29,28,1075.4257219541487,0.6418048255477663
29,19,1786.070962713338,0.4787779747845699
29,20,2007.7221516767074,0.43695715181664213
29,47,2253.2523200208398,0.3948817618667455
29,16,6806.935493354417,0.060388197434284384
30,27,1400.0026594022074,0.5614030753219633
30,10,2519.2526871883874,0.3538582375208532
30,46,2626.08661484747,0.3386074571857553
30,12,2739.7974705879556,0.3230964184590633
30,13,4100.450649579717,0.18435460661281736
31,33,1334.959229288826,0.5766646857149132
31,1,2187.679360220258,0.4057051100861871
31,5,2963.7574064382065,0.29459363626816704
31,6,3098.7405119288364,0.2786437835701578
31,9,3917.189132280512,0.19882643878524292
32,34,601.6680179878358,0.7802752252282206
32,15,1102.9462124211439,0.6345624339300138
32,23,1314.1773976058867,0.5816277996446173
32,14,1717.8514496591138,0.4924379723155075
32,25,1978.1241822747077,0.4423230031725216
33,31,1334.959229288826,0.5766646857149132
33,5,2964.206801724033,0.2945390483578263
33,1,3520.8027861182054,0.2341329875723578
33,9,3581.9985194291444,0.228298531616994
33,6,4294.870477971716,0.17015139833049056
34,32,601.6680179878358,0.7802752252282206
34,23,713.4656939452756,0.7451197464869689
34,15,1213.1088868442782,0.6063807758730503
34,14,1372.278417312668,0.5678581939241303
34,25,1376.5069532845716,0.5668688753215865
35,44,1182.4796519401016,0.6140882482543173
35,22,4653.0422936371815,0.1467881021201048
35,43,6895.956566271558,0.05821157670865503
35,41,7006.92189567357,0.055607924004411
35,21,7108.485258334617,0.05332707841698503
36,41,997.4185650459508,0.6627858217048483
36,21,1178.5690669040775,0.6150793256604983
36,25,1676.8744873784303,0.5008296841319654
36,43,1824.2233923454862,0.4713043836163013
36,14,2198.029891313549,0.4039771589995497
37,45,560.7832200418958,0.7935418566707736
37,42,995.3672957268848,0.6633466945617134
37,17,1412.2274129886673,0.5585801100377379
37,18,1787.9125202924447,0.4784145291883165
37,24,2390.130849890636,0.37321030197880267
38,40,834.3305982186631,0.7088926707699869
38,39,2114.944063635704,0.41805803656883955
38,16,3527.6859912875507,0.23346936377641764
38,11,4320.665631996138,0.168351074142564
38,26,6177.089989354602,0.0782979748086785
39,40,1393.0981927298144,0.5630037687630731
39,38,2114.944063635704,0.41805803656883955
39,16,3113.6780119635696,0.2769326842089597
39,11,3404.2360183263813,0.24566226066924973
39,26,4268.703923016003,0.17199731497608808
40,38,834.3305982186631,0.7088926707699869
40,39,1393.0981927298144,0.5630037687630731
40,16,2907.4868234190803,0.30150936706671805
40,11,4177.568705140815,0.17858418295297662
40,26,5615.205257153219,0.09871382004628615
41,21,390.1644752996185,0.8513846116784652
41,36,997.4185650459508,0.6627858217048483
41,25,1158.308936942079,0.6202396100895176
41,23,1822.988316463908,0.47154448272923144
41,43,1915.5265071423903,0.45388944835582856
42,45,523.9479349542837,0.8056875213048121
42,17,995.0175831301065,0.6634423628485713
42,37,995.3672957268848,0.6633466945617134
42,18,2017.0929056858142,0.4352719209849696
42,24,2329.9363678235095,0.3825901624675664
43,36,1824.2233923454862,0.4713043836163013
43,41,1915.5265071423903,0.45388944835582856
43,21,2305.416508337037,0.386478232528651
43,25,3065.714749973366,0.28246452523514226
43,23,3731.3813511355083,0.21465958315768655
44,35,1182.4796519401016,0.6140882482543173
44,22,3472.33205516132,0.2388598670748596
44,41,5945.959601853975,0.08612782133851137
44,21,6018.79516802513,0.08357943015132216
44,43,6035.018570532496,0.0830221490978432
45,42,523.9479349542837,0.8056875213048121
45,37,560.7832200418958,0.7935418566707736
45,17,1303.7581819573832,0.5841321687480134
45,18,2054.0801665158,0.4286833707670197
45,24,2521.1485662842674,0.3535816993856461
46,30,2626.08661484747,0.3386074571857553
46,27,3938.2988907472,0.19710316872821368
46,8,4442.421257928142,0.16010717198700594
46,10,4577.118932889274,0.15145649476470147
46,9,4955.116870466858,0.1295962968720568
47,20,543.4162940389634,0.7992452545677909
47,19,1869.0074661126946,0.46268043989228147
47,29,2253.2523200208398,0.3948817618667455
47,28,2366.432040496464,0.37687542718325234
47,16,4862.215483086383,0.1346573978013918
